{
	"credit": "Made with Blockbench",
	"textures": {
		"0": "item/gamemode_capture",
		"particle": "item/gamemode_capture"
	},
	"elements": [
		{
			"from": [-16, -16, 8.25],
			"to": [32, 32, 8.25],
			"rotation": {"angle": 0, "axis": "y", "origin": [0, 0, 8.25]},
			"faces": {
				"north": {"uv": [0, 0, 16, 16], "texture": "#0"},
				"east": {"uv": [0, 0, 0, 16], "texture": "#missing"},
				"south": {"uv": [0, 0, 16, 16], "texture": "#0"},
				"west": {"uv": [0, 0, 0, 16], "texture": "#missing"},
				"up": {"uv": [0, 0, 16, 0], "texture": "#missing"},
				"down": {"uv": [0, 0, 16, 0], "texture": "#missing"}
			}
		}
	]
}