{
	"credit": "Made with Blockbench",
	"texture_size": [32, 32],
	"textures": {
		"3": "item/portal",
		"4": "item/portal_frame"
	},
	"elements": [
		{
			"from": [4, 11, 7],
			"to": [12, 21, 9],
			"rotation": {"angle": 0, "axis": "y", "origin": [0, 11, 0]},
			"faces": {
				"north": {"uv": [0, 0, 4, 5], "texture": "#4"},
				"east": {"uv": [0, 8, 1, 13], "texture": "#4"},
				"south": {"uv": [4, 0, 8, 5], "texture": "#4"},
				"west": {"uv": [8, 0, 9, 5], "texture": "#4"},
				"up": {"uv": [5, 9, 1, 8], "texture": "#4"},
				"down": {"uv": [9, 8, 5, 9], "texture": "#4"}
			}
		},
		{
			"from": [10, 19, 9],
			"to": [6, 13, 7],
			"rotation": {"angle": 0, "axis": "y", "origin": [0, 11, 0]},
			"faces": {
				"north": {"uv": [0, 5, 2, 8], "texture": "#4"},
				"east": {"uv": [8, 5, 9, 8], "texture": "#4"},
				"south": {"uv": [2, 5, 4, 8], "texture": "#4"},
				"west": {"uv": [9, 0, 10, 3], "texture": "#4"},
				"up": {"uv": [3, 10, 1, 9], "texture": "#4"},
				"down": {"uv": [5, 9, 3, 10], "texture": "#4"}
			}
		},
		{
			"from": [6, 13, 8],
			"to": [10, 19, 8],
			"rotation": {"angle": 0, "axis": "y", "origin": [0, 11, 0]},
			"faces": {
				"north": {"uv": [4, 5, 6, 8], "texture": "#3"},
				"east": {"uv": [0, 0, 0, 3], "texture": "#3"},
				"south": {"uv": [6, 5, 8, 8], "texture": "#3"},
				"west": {"uv": [0, 0, 0, 3], "texture": "#3"},
				"up": {"uv": [2, 0, 0, 0], "texture": "#3"},
				"down": {"uv": [2, 0, 0, 0], "texture": "#3"}
			}
		},
		{
			"from": [7.5, 10, 7.5],
			"to": [8.5, 11, 8.5],
			"rotation": {"angle": 0, "axis": "y", "origin": [7.5, 10, 7.5]},
			"faces": {
				"north": {"uv": [0, 0, 0.5, 0.5], "texture": "#4"},
				"east": {"uv": [0, 0, 0.5, 0.5], "texture": "#4"},
				"south": {"uv": [0, 0, 0.5, 0.5], "texture": "#4"},
				"west": {"uv": [0, 0, 0.5, 0.5], "texture": "#4"},
				"up": {"uv": [0, 0, 0.5, 0.5], "texture": "#4"},
				"down": {"uv": [0, 0, 0.5, 0.5], "texture": "#4"}
			}
		},
		{
			"from": [4, 0, 7],
			"to": [12, 10, 9],
			"faces": {
				"north": {"uv": [0, 0, 4, 5], "texture": "#4"},
				"east": {"uv": [0, 8, 1, 13], "texture": "#4"},
				"south": {"uv": [4, 0, 8, 5], "texture": "#4"},
				"west": {"uv": [8, 0, 9, 5], "texture": "#4"},
				"up": {"uv": [5, 9, 1, 8], "texture": "#4"},
				"down": {"uv": [9, 8, 5, 9], "texture": "#4"}
			}
		},
		{
			"from": [10, 8, 9],
			"to": [6, 2, 7],
			"faces": {
				"north": {"uv": [0, 5, 2, 8], "texture": "#4"},
				"east": {"uv": [8, 5, 9, 8], "texture": "#4"},
				"south": {"uv": [2, 5, 4, 8], "texture": "#4"},
				"west": {"uv": [9, 0, 10, 3], "texture": "#4"},
				"up": {"uv": [3, 10, 1, 9], "texture": "#4"},
				"down": {"uv": [5, 9, 3, 10], "texture": "#4"}
			}
		},
		{
			"from": [6, 2, 8],
			"to": [10, 8, 8],
			"faces": {
				"north": {"uv": [4, 5, 6, 8], "texture": "#3"},
				"east": {"uv": [0, 0, 0, 3], "texture": "#3"},
				"south": {"uv": [6, 5, 8, 8], "texture": "#3"},
				"west": {"uv": [0, 0, 0, 3], "texture": "#3"},
				"up": {"uv": [2, 0, 0, 0], "texture": "#3"},
				"down": {"uv": [2, 0, 0, 0], "texture": "#3"}
			}
		}
	],
	"display": {
		"gui": {
			"rotation": [0, 0, -64.75],
			"translation": [-1.75, 0, 0],
			"scale": [0.7, 0.7, 0.7]
		},
		"head": {
			"rotation": [0, 0, 90],
			"translation": [2.5, 0, -7.25]
		}
	},
	"groups": [
		{
			"name": "group",
			"origin": [8, 8, 8],
			"color": 0,
			"nbt": "{}",
			"children": [0, 1, 2, 3]
		},
		{
			"name": "group",
			"origin": [8, 8, 8],
			"color": 0,
			"nbt": "{}",
			"children": [4, 5, 6]
		}
	]
}