{
	"credit": "Made with Blockbench",
	"texture_size": [32, 32],
	"textures": {
		"1": "item/gamemodecapture",
		"particle": "item/gamemodecapture"
	},
	"elements": [
		{
			"from": [15.2, 6.2, 6.9],
			"to": [18, 10.2, 9.1],
			"rotation": {"angle": 0, "axis": "y", "origin": [7, 6, 8]},
			"faces": {
				"north": {"uv": [6.5, 5, 7.90625, 7], "texture": "#1"},
				"south": {"uv": [6.5, 7, 7.90625, 9], "texture": "#1"},
				"up": {"uv": [5.40625, 10.59375, 4, 9.5], "texture": "#1"},
				"down": {"uv": [10.90625, 4, 9.5, 5.09375], "texture": "#1"}
			}
		},
		{
			"from": [15, 7.2, 6.7],
			"to": [16.6, 9.2, 9.3],
			"rotation": {"angle": 0, "axis": "y", "origin": [7, 6, 8]},
			"faces": {
				"east": {"uv": [4.5, 11, 5.79688, 12], "texture": "#1"},
				"up": {"uv": [5.79688, 12, 4.5, 11], "texture": "#1"},
				"down": {"uv": [5.79688, 11, 4.5, 12], "texture": "#1"}
			}
		},
		{
			"from": [18.2, 10.4, 9.3],
			"to": [15, 6, 6.7],
			"rotation": {"angle": 0, "axis": "y", "origin": [7, 6, 8]},
			"faces": {
				"north": {"uv": [0, 0, 1.59375, 2.20313], "texture": "#1"},
				"east": {"uv": [2, 5, 3.29688, 7.20313], "texture": "#1"},
				"south": {"uv": [2, 0, 3.59375, 2.20313], "texture": "#1"},
				"west": {"uv": [3.5, 5, 4.79688, 7.20313], "texture": "#1"},
				"up": {"uv": [4.79688, 7.20313, 3.5, 5], "texture": "#1"},
				"down": {"uv": [4.79688, 5, 3.5, 7.20313], "texture": "#1"}
			}
		},
		{
			"from": [12, 6.2, 6.9],
			"to": [14.8, 10.2, 9.1],
			"rotation": {"angle": 0, "axis": "y", "origin": [7, 6, 8]},
			"faces": {
				"north": {"uv": [0, 7.5, 1.40625, 9.5], "texture": "#1"},
				"south": {"uv": [7.5, 0, 8.90625, 2], "texture": "#1"},
				"up": {"uv": [10.90625, 6.59375, 9.5, 5.5], "texture": "#1"},
				"down": {"uv": [10.90625, 7, 9.5, 8.09375], "texture": "#1"}
			}
		},
		{
			"from": [15, 10.4, 9.3],
			"to": [11.8, 6, 6.7],
			"rotation": {"angle": 0, "axis": "y", "origin": [7, 6, 8]},
			"faces": {
				"north": {"uv": [3.5, 5, 4.79688, 7.20313], "texture": "#1"},
				"east": {"uv": [3.5, 5, 4.79688, 7.20313], "texture": "#1"},
				"south": {"uv": [3.5, 5, 4.79688, 7.20313], "texture": "#1"},
				"west": {"uv": [3.5, 5, 4.79688, 7.20313], "texture": "#1"},
				"up": {"uv": [4.79688, 7.20313, 3.5, 5], "texture": "#1"},
				"down": {"uv": [4.79688, 5, 3.5, 7.20313], "texture": "#1"}
			}
		},
		{
			"from": [8.8, 6.2, 6.9],
			"to": [11.6, 10.2, 9.1],
			"rotation": {"angle": 0, "axis": "y", "origin": [7, 6, 8]},
			"faces": {
				"north": {"uv": [1.5, 7.5, 2.90625, 9.5], "texture": "#1"},
				"south": {"uv": [7.5, 2, 8.90625, 4], "texture": "#1"},
				"up": {"uv": [10.90625, 9.59375, 9.5, 8.5], "texture": "#1"},
				"down": {"uv": [8.90625, 10, 7.5, 11.09375], "texture": "#1"}
			}
		},
		{
			"from": [8.6, 6, 6.7],
			"to": [10.2, 7.6, 9.3],
			"rotation": {"angle": 0, "axis": "y", "origin": [7, 6, 8]},
			"faces": {
				"east": {"uv": [3.5, 5, 4.79688, 7.20313], "texture": "#1"},
				"up": {"uv": [4.79688, 7.20313, 3.5, 5], "texture": "#1"}
			}
		},
		{
			"from": [11.8, 10.4, 9.3],
			"to": [8.6, 6, 6.7],
			"rotation": {"angle": 0, "axis": "y", "origin": [7, 6, 8]},
			"faces": {
				"north": {"uv": [0, 2.5, 1.59375, 4.70313], "texture": "#1"},
				"east": {"uv": [5, 5, 6.29688, 7.20313], "texture": "#1"},
				"south": {"uv": [2, 2.5, 3.59375, 4.70313], "texture": "#1"},
				"west": {"uv": [3.5, 5, 4.79688, 7.20313], "texture": "#1"},
				"up": {"uv": [1.59375, 10.79688, 0, 9.5], "texture": "#1"},
				"down": {"uv": [4.79688, 5, 3.5, 7.20313], "texture": "#1"}
			}
		},
		{
			"from": [5.6, 6.2, 6.9],
			"to": [8.4, 10.2, 9.1],
			"rotation": {"angle": 0, "axis": "y", "origin": [7, 6, 8]},
			"faces": {
				"north": {"uv": [3, 7.5, 4.40625, 9.5], "texture": "#1"},
				"south": {"uv": [4.5, 7.5, 5.90625, 9.5], "texture": "#1"},
				"up": {"uv": [10.40625, 11.09375, 9, 10], "texture": "#1"},
				"down": {"uv": [11.90625, 0, 10.5, 1.09375], "texture": "#1"}
			}
		},
		{
			"from": [7.8, 6, 6.7],
			"to": [8.6, 9.2, 9.3],
			"rotation": {"angle": 0, "axis": "y", "origin": [7, 6, 8]},
			"faces": {
				"west": {"uv": [3.5, 5, 4.79688, 7.20313], "texture": "#1"},
				"up": {"uv": [4.79688, 7.20313, 3.5, 5], "texture": "#1"}
			}
		},
		{
			"from": [5.4, 6, 6.7],
			"to": [6.2, 9.2, 9.3],
			"rotation": {"angle": 0, "axis": "y", "origin": [7, 6, 8]},
			"faces": {
				"east": {"uv": [3.5, 5, 4.79688, 7.20313], "texture": "#1"},
				"up": {"uv": [4.79688, 7.20313, 3.5, 5], "texture": "#1"}
			}
		},
		{
			"from": [8.6, 10.4, 9.3],
			"to": [5.4, 6, 6.7],
			"rotation": {"angle": 0, "axis": "y", "origin": [7, 6, 8]},
			"faces": {
				"north": {"uv": [4, 0, 5.59375, 2.20313], "texture": "#1"},
				"east": {"uv": [6, 0, 7.29688, 2.20313], "texture": "#1"},
				"south": {"uv": [4, 0, 5.59375, 2.20313], "texture": "#1"},
				"west": {"uv": [6, 0, 7.29688, 2.20313], "texture": "#1"},
				"up": {"uv": [3.59375, 10.79688, 2, 9.5], "texture": "#1"},
				"down": {"uv": [4.79688, 5, 3.5, 7.20313], "texture": "#1"}
			}
		},
		{
			"from": [2.4, 6.2, 6.9],
			"to": [5.2, 10.2, 9.1],
			"rotation": {"angle": 0, "axis": "y", "origin": [7, 6, 8]},
			"faces": {
				"north": {"uv": [8, 4, 9.40625, 6], "texture": "#1"},
				"south": {"uv": [8, 6, 9.40625, 8], "texture": "#1"},
				"up": {"uv": [11.90625, 2.59375, 10.5, 1.5], "texture": "#1"},
				"down": {"uv": [11.90625, 10, 10.5, 11.09375], "texture": "#1"}
			}
		},
		{
			"from": [5.4, 10.4, 9.3],
			"to": [2.2, 6, 6.7],
			"rotation": {"angle": 0, "axis": "y", "origin": [7, 6, 8]},
			"faces": {
				"north": {"uv": [3.5, 5, 4.79688, 7.20313], "texture": "#1"},
				"east": {"uv": [3.5, 5, 4.79688, 7.20313], "texture": "#1"},
				"south": {"uv": [3.5, 5, 4.79688, 7.20313], "texture": "#1"},
				"west": {"uv": [3.5, 5, 4.79688, 7.20313], "texture": "#1"},
				"up": {"uv": [4.79688, 7.20313, 3.5, 5], "texture": "#1"},
				"down": {"uv": [4.79688, 5, 3.5, 7.20313], "texture": "#1"}
			}
		},
		{
			"from": [-0.8, 6.2, 6.9],
			"to": [2, 10.2, 9.1],
			"rotation": {"angle": 0, "axis": "y", "origin": [7, 6, 8]},
			"faces": {
				"north": {"uv": [8, 8, 9.40625, 10], "texture": "#1"},
				"south": {"uv": [9, 0, 10.40625, 2], "texture": "#1"},
				"up": {"uv": [1.40625, 12.09375, 0, 11], "texture": "#1"},
				"down": {"uv": [2.90625, 11, 1.5, 12.09375], "texture": "#1"}
			}
		},
		{
			"from": [2.2, 10.4, 9.3],
			"to": [-1, 6, 6.7],
			"rotation": {"angle": 0, "axis": "y", "origin": [7, 6, 8]},
			"faces": {
				"north": {"uv": [3.5, 5, 4.79688, 7.20313], "texture": "#1"},
				"east": {"uv": [3.5, 5, 4.79688, 7.20313], "texture": "#1"},
				"south": {"uv": [3.5, 5, 4.79688, 7.20313], "texture": "#1"},
				"west": {"uv": [3.5, 5, 4.79688, 7.20313], "texture": "#1"},
				"up": {"uv": [4.79688, 7.20313, 3.5, 5], "texture": "#1"},
				"down": {"uv": [4.79688, 5, 3.5, 7.20313], "texture": "#1"}
			}
		},
		{
			"from": [-4, 6.2, 6.9],
			"to": [-1.2, 10.2, 9.1],
			"rotation": {"angle": 0, "axis": "y", "origin": [7, 6, 8]},
			"faces": {
				"north": {"uv": [9, 2, 10.40625, 4], "texture": "#1"},
				"south": {"uv": [6, 9, 7.40625, 11], "texture": "#1"},
				"up": {"uv": [4.40625, 12.09375, 3, 11], "texture": "#1"},
				"down": {"uv": [12.40625, 3, 11, 4.09375], "texture": "#1"}
			}
		},
		{
			"from": [-4.2, 8.8, 6.7],
			"to": [-2.6, 9.2, 9.3],
			"rotation": {"angle": 0, "axis": "y", "origin": [7, 6, 8]},
			"faces": {
				"east": {"uv": [3.5, 5, 4.79688, 7.20313], "texture": "#1"},
				"up": {"uv": [4.79688, 7.20313, 3.5, 5], "texture": "#1"},
				"down": {"uv": [4.79688, 5, 3.5, 7.20313], "texture": "#1"}
			}
		},
		{
			"from": [-4.2, 7.2, 6.7],
			"to": [-2.6, 7.6, 9.3],
			"rotation": {"angle": 0, "axis": "y", "origin": [7, 6, 8]},
			"faces": {
				"east": {"uv": [3.5, 5, 4.79688, 7.20313], "texture": "#1"},
				"up": {"uv": [4.79688, 7.20313, 3.5, 5], "texture": "#1"},
				"down": {"uv": [4.79688, 5, 3.5, 7.20313], "texture": "#1"}
			}
		},
		{
			"from": [-1, 10.4, 9.3],
			"to": [-4.2, 6, 6.7],
			"rotation": {"angle": 0, "axis": "y", "origin": [7, 6, 8]},
			"faces": {
				"north": {"uv": [4, 2.5, 5.59375, 4.70313], "texture": "#1"},
				"east": {"uv": [6, 2.5, 7.29688, 4.70313], "texture": "#1"},
				"south": {"uv": [0, 5, 1.59375, 7.20313], "texture": "#1"},
				"west": {"uv": [3.5, 5, 4.79688, 7.20313], "texture": "#1"},
				"up": {"uv": [4.79688, 7.20313, 3.5, 5], "texture": "#1"},
				"down": {"uv": [4.79688, 5, 3.5, 7.20313], "texture": "#1"}
			}
		}
	],
	"groups": [
		{
			"name": "capture",
			"origin": [0, 0, 0],
			"color": 0,
			"nbt": "{}",
			"children": [
				{
					"name": "c",
					"origin": [0, 0, 0],
					"color": 0,
					"nbt": "{}",
					"children": [0, 1, 2]
				},
				{
					"name": "a",
					"origin": [0, 0, 0],
					"color": 0,
					"nbt": "{}",
					"children": [3, 4]
				},
				{
					"name": "p",
					"origin": [0, 0, 0],
					"color": 0,
					"nbt": "{}",
					"children": [5, 6, 7]
				},
				{
					"name": "t",
					"origin": [0, 0, 0],
					"color": 0,
					"nbt": "{}",
					"children": [8, 9, 10, 11]
				},
				{
					"name": "u",
					"origin": [0, 0, 0],
					"color": 0,
					"nbt": "{}",
					"children": [12, 13]
				},
				{
					"name": "r",
					"origin": [0, 0, 0],
					"color": 0,
					"nbt": "{}",
					"children": [14, 15]
				},
				{
					"name": "e",
					"origin": [0, 0, 0],
					"color": 0,
					"nbt": "{}",
					"children": [16, 17, 18, 19]
				}
			]
		}
	]
}