{
	"credit": "Made with Blockbench",
	"texture_size": [32, 32],
	"textures": {
		"3": "item/gamemodeffa"
	},
	"elements": [
		{
			"from": [11.2, 6.2, 6.9],
			"to": [14, 10.2, 9.1],
			"rotation": {"angle": 0, "axis": "y", "origin": [8, 6, 8]},
			"faces": {
				"north": {"uv": [0, 5, 1.40625, 7], "texture": "#3"},
				"south": {"uv": [1.5, 5, 2.90625, 7], "texture": "#3"},
				"up": {"uv": [7.40625, 6.59375, 6, 5.5], "texture": "#3"},
				"down": {"uv": [1.40625, 7, 0, 8.09375], "texture": "#3"}
			}
		},
		{
			"from": [12.6, 7.2, 6.7],
			"to": [14.2, 7.6, 9.3],
			"rotation": {"angle": 0, "axis": "y", "origin": [8, 6, 8]},
			"faces": {
				"west": {"uv": [7, 1.5, 8.29688, 1.70313], "texture": "#3"},
				"up": {"uv": [8.29688, 1.70313, 7, 1.5], "texture": "#3"},
				"down": {"uv": [8.29688, 1.5, 7, 1.70313], "texture": "#3"}
			}
		},
		{
			"from": [11, 8.8, 6.7],
			"to": [12.6, 9.2, 9.3],
			"rotation": {"angle": 0, "axis": "y", "origin": [8, 6, 8]},
			"faces": {
				"east": {"uv": [7, 1.5, 8.29688, 1.70313], "texture": "#3"},
				"up": {"uv": [8.29688, 1.70313, 7, 1.5], "texture": "#3"},
				"down": {"uv": [8.29688, 1.5, 7, 1.70313], "texture": "#3"}
			}
		},
		{
			"from": [14.2, 10.4, 9.3],
			"to": [11, 6, 6.7],
			"rotation": {"angle": 0, "axis": "y", "origin": [8, 6, 8]},
			"faces": {
				"north": {"uv": [0, 0, 1.59375, 2.20313], "texture": "#3"},
				"east": {"uv": [3, 2.5, 4.29688, 4.70313], "texture": "#3"},
				"south": {"uv": [2, 0, 3.59375, 2.20313], "texture": "#3"},
				"west": {"uv": [4, 0, 5.29688, 2.20313], "texture": "#3"},
				"up": {"uv": [8.29688, 1.70313, 7, 1.5], "texture": "#3"},
				"down": {"uv": [8.29688, 1.5, 7, 1.70313], "texture": "#3"}
			}
		},
		{
			"from": [8, 6.2, 6.9],
			"to": [10.8, 10.2, 9.1],
			"rotation": {"angle": 0, "axis": "y", "origin": [8, 6, 8]},
			"faces": {
				"north": {"uv": [3, 5, 4.40625, 7], "texture": "#3"},
				"south": {"uv": [4.5, 5, 5.90625, 7], "texture": "#3"},
				"up": {"uv": [8.40625, 1.09375, 7, 0], "texture": "#3"},
				"down": {"uv": [2.90625, 7, 1.5, 8.09375], "texture": "#3"}
			}
		},
		{
			"from": [11, 10.4, 9.3],
			"to": [7.8, 6, 6.7],
			"rotation": {"angle": 0, "axis": "y", "origin": [8, 6, 8]},
			"faces": {
				"north": {"uv": [7, 1.5, 8.29688, 1.70313], "texture": "#3"},
				"east": {"uv": [7, 1.5, 8.29688, 1.70313], "texture": "#3"},
				"south": {"uv": [7, 1.5, 8.29688, 1.70313], "texture": "#3"},
				"west": {"uv": [7, 1.5, 8.29688, 1.70313], "texture": "#3"},
				"up": {"uv": [8.29688, 1.70313, 7, 1.5], "texture": "#3"},
				"down": {"uv": [8.29688, 1.5, 7, 1.70313], "texture": "#3"}
			}
		},
		{
			"from": [5.2, 6.2, 6.9],
			"to": [7.6, 10.2, 9.1],
			"rotation": {"angle": 0, "axis": "y", "origin": [8, 6, 8]},
			"faces": {
				"north": {"uv": [5.5, 0, 6.70313, 2], "texture": "#3"},
				"south": {"uv": [6, 2, 7.20313, 4], "texture": "#3"},
				"up": {"uv": [4.20313, 8.09375, 3, 7], "texture": "#3"},
				"down": {"uv": [5.70313, 7, 4.5, 8.09375], "texture": "#3"}
			}
		},
		{
			"from": [5, 7.2, 6.7],
			"to": [6.2, 10.4, 9.3],
			"rotation": {"angle": 0, "axis": "y", "origin": [8, 6, 8]},
			"faces": {
				"east": {"uv": [7, 1.5, 8.29688, 1.70313], "texture": "#3"},
				"down": {"uv": [8.29688, 1.5, 7, 1.70313], "texture": "#3"}
			}
		},
		{
			"from": [7.8, 10.4, 9.3],
			"to": [5, 6, 6.7],
			"rotation": {"angle": 0, "axis": "y", "origin": [8, 6, 8]},
			"faces": {
				"north": {"uv": [0, 2.5, 1.40625, 4.70313], "texture": "#3"},
				"east": {"uv": [4.5, 2.5, 5.79688, 4.70313], "texture": "#3"},
				"south": {"uv": [1.5, 2.5, 2.90625, 4.70313], "texture": "#3"},
				"west": {"uv": [7, 1.5, 8.29688, 1.70313], "texture": "#3"},
				"up": {"uv": [8.29688, 1.70313, 7, 1.5], "texture": "#3"},
				"down": {"uv": [7.40625, 4, 6, 5.29688], "texture": "#3"}
			}
		},
		{
			"from": [2, 6.2, 6.9],
			"to": [4.8, 10.2, 9.1],
			"rotation": {"angle": 0, "axis": "y", "origin": [8, 6, 8]},
			"faces": {
				"north": {"uv": [3, 5, 4.40625, 7], "texture": "#3"},
				"south": {"uv": [4.5, 5, 5.90625, 7], "texture": "#3"},
				"up": {"uv": [8.40625, 1.09375, 7, 0], "texture": "#3"},
				"down": {"uv": [2.90625, 7, 1.5, 8.09375], "texture": "#3"}
			}
		},
		{
			"from": [5, 10.4, 9.3],
			"to": [1.8, 6, 6.7],
			"rotation": {"angle": 0, "axis": "y", "origin": [8, 6, 8]},
			"faces": {
				"north": {"uv": [7, 1.5, 8.29688, 1.70313], "texture": "#3"},
				"east": {"uv": [7, 1.5, 8.29688, 1.70313], "texture": "#3"},
				"south": {"uv": [7, 1.5, 8.29688, 1.70313], "texture": "#3"},
				"west": {"uv": [7, 1.5, 8.29688, 1.70313], "texture": "#3"},
				"up": {"uv": [8.29688, 1.70313, 7, 1.5], "texture": "#3"},
				"down": {"uv": [8.29688, 1.5, 7, 1.70313], "texture": "#3"}
			}
		}
	],
	"groups": [
		{
			"name": "solo",
			"origin": [0, 0, 0],
			"color": 0,
			"nbt": "{}",
			"children": [
				{
					"name": "s",
					"origin": [0, 0, 0],
					"color": 0,
					"nbt": "{}",
					"children": [0, 1, 2, 3]
				},
				{
					"name": "o",
					"origin": [0, 0, 0],
					"color": 0,
					"nbt": "{}",
					"children": [4, 5]
				},
				{
					"name": "l",
					"origin": [0, 0, 0],
					"color": 0,
					"nbt": "{}",
					"children": [6, 7, 8]
				},
				{
					"name": "o",
					"origin": [0, 0, 0],
					"color": 0,
					"nbt": "{}",
					"children": [9, 10]
				}
			]
		}
	]
}