{
	"credit": "Made with Blockbench",
	"texture_size": [32, 32],
	"textures": {
		"2": "item/gamemodeffateam"
	},
	"elements": [
		{
			"from": [12, 6.2, 6.9],
			"to": [14.8, 10.2, 9.1],
			"rotation": {"angle": 0, "axis": "y", "origin": [8, 6, 8]},
			"faces": {
				"north": {"uv": [5.5, 4.5, 6.90625, 6.5], "texture": "#2"},
				"south": {"uv": [6, 1.5, 7.40625, 3.5], "texture": "#2"},
				"up": {"uv": [9.90625, 4.59375, 8.5, 3.5], "texture": "#2"},
				"down": {"uv": [6.40625, 8.5, 5, 9.59375], "texture": "#2"}
			}
		},
		{
			"from": [14.2, 6, 6.7],
			"to": [15, 9.2, 9.3],
			"rotation": {"angle": 0, "axis": "y", "origin": [8, 6, 8]},
			"faces": {
				"west": {"uv": [7.5, 1.5, 8.79688, 3.09375], "texture": "#2"},
				"up": {"uv": [8.79688, 3.09375, 7.5, 1.5], "texture": "#2"}
			}
		},
		{
			"from": [11.8, 6, 6.7],
			"to": [12.6, 9.2, 9.3],
			"rotation": {"angle": 0, "axis": "y", "origin": [8, 6, 8]},
			"faces": {
				"east": {"uv": [7.5, 1.5, 8.79688, 3.09375], "texture": "#2"},
				"up": {"uv": [8.79688, 3.09375, 7.5, 1.5], "texture": "#2"}
			}
		},
		{
			"from": [15, 10.4, 9.3],
			"to": [11.8, 6, 6.7],
			"rotation": {"angle": 0, "axis": "y", "origin": [8, 6, 8]},
			"faces": {
				"north": {"uv": [2, 2.5, 3.59375, 4.70313], "texture": "#2"},
				"east": {"uv": [4, 4.5, 5.29688, 6.70313], "texture": "#2"},
				"south": {"uv": [2, 2.5, 3.59375, 4.70313], "texture": "#2"},
				"west": {"uv": [4, 4.5, 5.29688, 6.70313], "texture": "#2"},
				"up": {"uv": [8.59375, 8.79688, 7, 7.5], "texture": "#2"},
				"down": {"uv": [8.79688, 1.5, 7.5, 3.09375], "texture": "#2"}
			}
		},
		{
			"from": [8.8, 6.2, 6.9],
			"to": [11.6, 10.2, 9.1],
			"rotation": {"angle": 0, "axis": "y", "origin": [8, 6, 8]},
			"faces": {
				"north": {"uv": [5.5, 6.5, 6.90625, 8.5], "texture": "#2"},
				"south": {"uv": [0, 7, 1.40625, 9], "texture": "#2"},
				"up": {"uv": [9.90625, 6.09375, 8.5, 5], "texture": "#2"},
				"down": {"uv": [1.40625, 9, 0, 10.09375], "texture": "#2"}
			}
		},
		{
			"from": [8.6, 8.8, 6.7],
			"to": [10.2, 9.2, 9.3],
			"rotation": {"angle": 0, "axis": "y", "origin": [8, 6, 8]},
			"faces": {
				"east": {"uv": [7.5, 1.5, 8.79688, 3.09375], "texture": "#2"},
				"up": {"uv": [8.79688, 3.09375, 7.5, 1.5], "texture": "#2"},
				"down": {"uv": [8.79688, 1.5, 7.5, 3.09375], "texture": "#2"}
			}
		},
		{
			"from": [8.6, 7.2, 6.7],
			"to": [10.2, 7.6, 9.3],
			"rotation": {"angle": 0, "axis": "y", "origin": [8, 6, 8]},
			"faces": {
				"east": {"uv": [7.5, 1.5, 8.79688, 3.09375], "texture": "#2"},
				"up": {"uv": [8.79688, 3.09375, 7.5, 1.5], "texture": "#2"},
				"down": {"uv": [8.79688, 1.5, 7.5, 3.09375], "texture": "#2"}
			}
		},
		{
			"from": [11.8, 10.4, 9.3],
			"to": [8.6, 6, 6.7],
			"rotation": {"angle": 0, "axis": "y", "origin": [8, 6, 8]},
			"faces": {
				"north": {"uv": [4, 2, 5.59375, 4.20313], "texture": "#2"},
				"east": {"uv": [2, 5, 3.29688, 7.20313], "texture": "#2"},
				"south": {"uv": [0, 4.5, 1.59375, 6.70313], "texture": "#2"},
				"west": {"uv": [7.5, 1.5, 8.79688, 3.09375], "texture": "#2"},
				"up": {"uv": [8.79688, 3.09375, 7.5, 1.5], "texture": "#2"},
				"down": {"uv": [8.79688, 1.5, 7.5, 3.09375], "texture": "#2"}
			}
		},
		{
			"from": [5.6, 6.2, 6.9],
			"to": [8.4, 10.2, 9.1],
			"rotation": {"angle": 0, "axis": "y", "origin": [8, 6, 8]},
			"faces": {
				"north": {"uv": [3.5, 7, 4.90625, 9], "texture": "#2"},
				"south": {"uv": [7, 3.5, 8.40625, 5.5], "texture": "#2"},
				"up": {"uv": [10.40625, 1.09375, 9, 0], "texture": "#2"},
				"down": {"uv": [2.90625, 9, 1.5, 10.09375], "texture": "#2"}
			}
		},
		{
			"from": [8.6, 10.4, 9.3],
			"to": [5.4, 6, 6.7],
			"rotation": {"angle": 0, "axis": "y", "origin": [8, 6, 8]},
			"faces": {
				"north": {"uv": [7.5, 1.5, 8.79688, 3.09375], "texture": "#2"},
				"east": {"uv": [7.5, 1.5, 8.79688, 3.09375], "texture": "#2"},
				"south": {"uv": [7.5, 1.5, 8.79688, 3.09375], "texture": "#2"},
				"west": {"uv": [7.5, 1.5, 8.79688, 3.09375], "texture": "#2"},
				"up": {"uv": [8.79688, 3.09375, 7.5, 1.5], "texture": "#2"},
				"down": {"uv": [8.79688, 1.5, 7.5, 3.09375], "texture": "#2"}
			}
		},
		{
			"from": [1.2, 6.2, 6.9],
			"to": [5.2, 10.2, 9.1],
			"rotation": {"angle": 0, "axis": "y", "origin": [8, 6, 8]},
			"faces": {
				"north": {"uv": [0, 2.5, 2, 4.5], "texture": "#2"},
				"east": {"uv": [7, 5.5, 8.09375, 7.5], "texture": "#2"},
				"south": {"uv": [2.5, 0, 4.5, 2], "texture": "#2"},
				"west": {"uv": [7, 5.5, 8.09375, 7.5], "texture": "#2"},
				"up": {"uv": [9, 1.09375, 7, 0], "texture": "#2"},
				"down": {"uv": [3.5, 7.5, 1.5, 8.59375], "texture": "#2"}
			}
		},
		{
			"from": [2.8, 7, 6.9],
			"to": [3.6, 7, 9.1],
			"rotation": {"angle": 0, "axis": "y", "origin": [8, 6, 8]},
			"faces": {
				"down": {"uv": [3.90625, 5, 3.5, 6.09375], "texture": "#2"}
			}
		},
		{
			"from": [2.6, 9.6, 6.7],
			"to": [3.8, 10.4, 9.3],
			"rotation": {"angle": 0, "axis": "y", "origin": [8, 6, 8]},
			"faces": {
				"east": {"uv": [7.5, 1.5, 8.79688, 3.09375], "texture": "#2"},
				"west": {"uv": [7.5, 1.5, 8.79688, 3.09375], "texture": "#2"},
				"down": {"uv": [9.59375, 1.5, 9, 2.79688], "texture": "#2"}
			}
		},
		{
			"from": [3, 8.8, 6.7],
			"to": [3.4, 9.6, 9.3],
			"rotation": {"angle": 0, "axis": "y", "origin": [8, 6, 8]},
			"faces": {
				"east": {"uv": [7.5, 1.5, 8.79688, 3.09375], "texture": "#2"},
				"west": {"uv": [7.5, 1.5, 8.79688, 3.09375], "texture": "#2"},
				"down": {"uv": [8.79688, 1.5, 7.5, 3.09375], "texture": "#2"}
			}
		},
		{
			"from": [2.6, 6, 6.7],
			"to": [3.8, 6.8, 9.3],
			"rotation": {"angle": 0, "axis": "y", "origin": [8, 6, 8]},
			"faces": {
				"east": {"uv": [7.5, 1.5, 8.79688, 3.09375], "texture": "#2"},
				"west": {"uv": [7.5, 1.5, 8.79688, 3.09375], "texture": "#2"},
				"up": {"uv": [8.79688, 3.09375, 7.5, 1.5], "texture": "#2"}
			}
		},
		{
			"from": [5.4, 10.4, 9.3],
			"to": [1, 6, 6.7],
			"rotation": {"angle": 0, "axis": "y", "origin": [8, 6, 8]},
			"faces": {
				"north": {"uv": [0, 0, 2.20313, 2.20313], "texture": "#2"},
				"east": {"uv": [7.5, 1.5, 8.79688, 3.09375], "texture": "#2"},
				"south": {"uv": [0, 0, 2.20313, 2.20313], "texture": "#2"},
				"west": {"uv": [7.5, 1.5, 8.79688, 3.09375], "texture": "#2"},
				"up": {"uv": [6.70313, 1.29688, 4.5, 0], "texture": "#2"},
				"down": {"uv": [6.70313, 0, 4.5, 1.29688], "texture": "#2"}
			}
		}
	],
	"groups": [
		{
			"name": "team",
			"origin": [0, 0, 0],
			"color": 0,
			"nbt": "{}",
			"children": [
				{
					"name": "t",
					"origin": [0, 0, 0],
					"color": 0,
					"nbt": "{}",
					"children": [0, 1, 2, 3]
				},
				{
					"name": "e",
					"origin": [0, 0, 0],
					"color": 0,
					"nbt": "{}",
					"children": [4, 5, 6, 7]
				},
				{
					"name": "a",
					"origin": [0, 0, 0],
					"color": 0,
					"nbt": "{}",
					"children": [8, 9]
				},
				{
					"name": "m",
					"origin": [0, 0, 0],
					"color": 0,
					"nbt": "{}",
					"children": [10, 11, 12, 13, 14, 15]
				}
			]
		}
	]
}