{
	"credit": "Made with Blockbench",
	"textures": {
		"3": "item/border",
		"particle": "item/border"
	},
	"elements": [
		{
			"from": [-16, 8, -16],
			"to": [32, 8, 32],
			"rotation": {"angle": 0, "axis": "y", "origin": [0, 8, 0]},
			"faces": {
				"north": {"uv": [0, 0, 16, 0], "texture": "#missing"},
				"east": {"uv": [0, 0, 16, 0], "texture": "#missing"},
				"south": {"uv": [0, 0, 16, 0], "texture": "#missing"},
				"west": {"uv": [0, 0, 16, 0], "texture": "#missing"},
				"up": {"uv": [0, 0, 16, 16], "texture": "#3"},
				"down": {"uv": [0, 0, 16, 16], "texture": "#3"}
			}
		}
	],
	"display": {
		"gui": {
			"rotation": [90, 0, 0],
			"scale": [0.375, 0.375, 0.375]
		},
		"head": {
			"translation": [0, 14.5, 0],
			"scale": [4, 1, 4]
		}
	}
}