{
	"credit": "Made with Blockbench",
	"texture_size": [32, 32],
	"textures": {
		"2": "item/gamemodeffateam"
	},
	"elements": [
		{
			"from": [17.09, 6.2, 6.9],
			"to": [19.89, 10.2, 9.1],
			"rotation": {"angle": 0, "axis": "y", "origin": [8.25, 6, 8]},
			"faces": {
				"north": {"uv": [9.76, 1.1, 10.208, 3.1], "texture": "#2"},
				"south": {"uv": [10.208, 1.1, 9.76, 3.1], "texture": "#2"},
				"up": {"uv": [10.208, 1.1, 9.76, 0], "texture": "#2"},
				"down": {"uv": [10.208, 4.2, 9.76, 3.1], "texture": "#2"}
			}
		},
		{
			"from": [19.29, 6, 6.7],
			"to": [20.09, 9.2, 9.3],
			"rotation": {"angle": 0, "axis": "y", "origin": [8.25, 6, 8]},
			"faces": {
				"west": {"uv": [0, 13.3, 0.016, 13.35], "texture": "#2"},
				"up": {"uv": [0, 13.3, 0.016, 13.35], "texture": "#2"}
			}
		},
		{
			"from": [16.89, 6, 6.7],
			"to": [17.69, 9.2, 9.3],
			"rotation": {"angle": 0, "axis": "y", "origin": [8.25, 6, 8]},
			"faces": {
				"east": {"uv": [0, 13.3, 0.016, 13.35], "texture": "#2"},
				"up": {"uv": [0, 13.3, 0.016, 13.35], "texture": "#2"}
			}
		},
		{
			"from": [20.09, 10.4, 9.3],
			"to": [16.89, 6, 6.7],
			"rotation": {"angle": 0, "axis": "y", "origin": [8.25, 6, 8]},
			"faces": {
				"north": {"uv": [0.032, 14.4, 0.096, 13.85], "texture": "#2"},
				"east": {"uv": [0.032, 14.4, 0.048, 13.85], "texture": "#2"},
				"south": {"uv": [0.032, 14.4, 0.096, 13.85], "texture": "#2"},
				"west": {"uv": [0.032, 14.4, 0.048, 13.85], "texture": "#2"},
				"up": {"uv": [0.032, 14.4, 0.096, 14.35], "texture": "#2"},
				"down": {"uv": [0, 13.3, 0.016, 13.35], "texture": "#2"}
			}
		},
		{
			"from": [13.89, 6.2, 6.9],
			"to": [16.69, 10.2, 9.1],
			"rotation": {"angle": 0, "axis": "y", "origin": [8.25, 6, 8]},
			"faces": {
				"north": {"uv": [2.4, 1.1, 2.848, 3.1], "texture": "#2"},
				"south": {"uv": [2.848, 1.1, 2.4, 3.1], "texture": "#2"},
				"up": {"uv": [2.848, 1.1, 2.4, 0], "texture": "#2"},
				"down": {"uv": [2.848, 4.2, 2.4, 3.1], "texture": "#2"}
			}
		},
		{
			"from": [13.69, 8.8, 6.7],
			"to": [15.29, 9.2, 9.3],
			"rotation": {"angle": 0, "axis": "y", "origin": [8.25, 6, 8]},
			"faces": {
				"east": {"uv": [0, 13.3, 0.016, 13.35], "texture": "#2"},
				"up": {"uv": [0, 13.3, 0.016, 13.35], "texture": "#2"},
				"down": {"uv": [0, 13.3, 0.016, 13.35], "texture": "#2"}
			}
		},
		{
			"from": [13.69, 7.2, 6.7],
			"to": [15.29, 7.6, 9.3],
			"rotation": {"angle": 0, "axis": "y", "origin": [8.25, 6, 8]},
			"faces": {
				"east": {"uv": [0, 13.3, 0.016, 13.35], "texture": "#2"},
				"up": {"uv": [0, 13.3, 0.016, 13.35], "texture": "#2"},
				"down": {"uv": [0, 13.3, 0.016, 13.35], "texture": "#2"}
			}
		},
		{
			"from": [16.89, 10.4, 9.3],
			"to": [13.69, 6, 6.7],
			"rotation": {"angle": 0, "axis": "y", "origin": [8.25, 6, 8]},
			"faces": {
				"north": {"uv": [0.048, 13.3, 0.08, 13.85], "texture": "#2"},
				"east": {"uv": [0.064, 13.3, 0.048, 13.85], "texture": "#2"},
				"south": {"uv": [0.08, 13.3, 0.048, 13.85], "texture": "#2"},
				"west": {"uv": [0, 13.3, 0.016, 13.35], "texture": "#2"},
				"up": {"uv": [0, 13.3, 0.016, 13.35], "texture": "#2"},
				"down": {"uv": [0, 13.3, 0.016, 13.35], "texture": "#2"}
			}
		},
		{
			"from": [10.69, 6.2, 6.9],
			"to": [13.49, 10.2, 9.1],
			"rotation": {"angle": 0, "axis": "y", "origin": [8.25, 6, 8]},
			"faces": {
				"north": {"uv": [0.48, 1.1, 0.928, 3.1], "texture": "#2"},
				"south": {"uv": [0.928, 1.1, 0.48, 3.1], "texture": "#2"},
				"up": {"uv": [0.928, 1.1, 0.48, 0], "texture": "#2"},
				"down": {"uv": [0.928, 4.2, 0.48, 3.1], "texture": "#2"}
			}
		},
		{
			"from": [13.69, 10.4, 9.3],
			"to": [10.49, 6, 6.7],
			"rotation": {"angle": 0, "axis": "y", "origin": [8.25, 6, 8]},
			"faces": {
				"north": {"uv": [0, 13.3, 0.016, 13.35], "texture": "#2"},
				"east": {"uv": [0, 13.3, 0.016, 13.35], "texture": "#2"},
				"south": {"uv": [0, 13.3, 0.016, 13.35], "texture": "#2"},
				"west": {"uv": [0, 13.3, 0.016, 13.35], "texture": "#2"},
				"up": {"uv": [0, 13.3, 0.016, 13.35], "texture": "#2"},
				"down": {"uv": [0, 13.3, 0.016, 13.35], "texture": "#2"}
			}
		},
		{
			"from": [6.29, 6.2, 6.9],
			"to": [10.29, 10.2, 9.1],
			"rotation": {"angle": 0, "axis": "y", "origin": [8.25, 6, 8]},
			"faces": {
				"north": {"uv": [5.92, 1.1, 6.56, 3.1], "texture": "#2"},
				"east": {"uv": [0.032, 13.4, 0.048, 13.3], "texture": "#2"},
				"south": {"uv": [6.56, 1.1, 5.92, 3.1], "texture": "#2"},
				"west": {"uv": [0.032, 13.4, 0.048, 13.3], "texture": "#2"},
				"up": {"uv": [6.56, 1.1, 5.92, 0], "texture": "#2"},
				"down": {"uv": [6.56, 4.2, 5.92, 3.1], "texture": "#2"}
			}
		},
		{
			"from": [7.89, 7, 6.9],
			"to": [8.69, 7, 9.1],
			"rotation": {"angle": 0, "axis": "y", "origin": [8.25, 6, 8]},
			"faces": {
				"down": {"uv": [6.72, 4.2, 6.592, 3.1], "texture": "#2"}
			}
		},
		{
			"from": [7.69, 9.6, 6.7],
			"to": [8.89, 10.4, 9.3],
			"rotation": {"angle": 0, "axis": "y", "origin": [8.25, 6, 8]},
			"faces": {
				"east": {"uv": [0, 13.3, 0.016, 13.35], "texture": "#2"},
				"west": {"uv": [0, 13.3, 0.016, 13.35], "texture": "#2"},
				"down": {"uv": [0.016, 13.35, 0.064, 13.4], "texture": "#2"}
			}
		},
		{
			"from": [8.09, 8.8, 6.7],
			"to": [8.49, 9.6, 9.3],
			"rotation": {"angle": 0, "axis": "y", "origin": [8.25, 6, 8]},
			"faces": {
				"east": {"uv": [0, 13.3, 0.016, 13.35], "texture": "#2"},
				"west": {"uv": [0, 13.3, 0.016, 13.35], "texture": "#2"},
				"down": {"uv": [0, 13.3, 0.016, 13.35], "texture": "#2"}
			}
		},
		{
			"from": [7.69, 6, 6.7],
			"to": [8.89, 6.8, 9.3],
			"rotation": {"angle": 0, "axis": "y", "origin": [8.25, 6, 8]},
			"faces": {
				"east": {"uv": [0, 13.3, 0.016, 13.35], "texture": "#2"},
				"west": {"uv": [0, 13.3, 0.016, 13.35], "texture": "#2"},
				"up": {"uv": [0, 13.3, 0.016, 13.35], "texture": "#2"}
			}
		},
		{
			"from": [10.49, 10.4, 9.3],
			"to": [6.09, 6, 6.7],
			"rotation": {"angle": 0, "axis": "y", "origin": [8.25, 6, 8]},
			"faces": {
				"north": {"uv": [0.192, 13.85, 0.368, 13.3], "texture": "#2"},
				"east": {"uv": [0, 13.3, 0.016, 13.35], "texture": "#2"},
				"south": {"uv": [0.192, 13.85, 0.368, 13.3], "texture": "#2"},
				"west": {"uv": [0, 13.3, 0.016, 13.35], "texture": "#2"},
				"up": {"uv": [0.192, 13.3, 0.368, 13.35], "texture": "#2"},
				"down": {"uv": [0.192, 13.3, 0.368, 13.35], "texture": "#2"}
			}
		},
		{
			"from": [2.51, 6.2, 6.9],
			"to": [5.31, 10.2, 9.1],
			"rotation": {"angle": 0, "axis": "y", "origin": [7.75, 6, 8]},
			"faces": {
				"north": {"uv": [2.88, 1.1, 3.328, 3.1], "texture": "#2"},
				"south": {"uv": [3.328, 1.1, 2.88, 3.1], "texture": "#2"},
				"up": {"uv": [3.328, 1.1, 2.88, 0], "texture": "#2"},
				"down": {"uv": [3.328, 4.2, 2.88, 3.1], "texture": "#2"}
			}
		},
		{
			"from": [2.31, 8.8, 6.7],
			"to": [3.91, 9.2, 9.3],
			"rotation": {"angle": 0, "axis": "y", "origin": [7.75, 6, 8]},
			"faces": {
				"east": {"uv": [0, 13.3, 0.016, 13.35], "texture": "#2"},
				"up": {"uv": [0, 13.3, 0.016, 13.35], "texture": "#2"},
				"down": {"uv": [0, 13.3, 0.016, 13.35], "texture": "#2"}
			}
		},
		{
			"from": [2.31, 6, 6.7],
			"to": [3.91, 7.6, 9.3],
			"rotation": {"angle": 0, "axis": "y", "origin": [7.75, 6, 8]},
			"faces": {
				"east": {"uv": [0, 13.3, 0.016, 13.35], "texture": "#2"},
				"up": {"uv": [0, 13.3, 0.016, 13.35], "texture": "#2"}
			}
		},
		{
			"from": [5.51, 10.4, 9.3],
			"to": [2.31, 6, 6.7],
			"rotation": {"angle": 0, "axis": "y", "origin": [7.75, 6, 8]},
			"faces": {
				"north": {"uv": [0.096, 13.85, 0.064, 13.3], "texture": "#2"},
				"east": {"uv": [0.096, 13.85, 0.08, 13.3], "texture": "#2"},
				"south": {"uv": [0.064, 13.85, 0.096, 13.3], "texture": "#2"},
				"west": {"uv": [0, 13.3, 0.016, 13.35], "texture": "#2"},
				"up": {"uv": [0.016, 13.35, 0.048, 13.4], "texture": "#2"},
				"down": {"uv": [0, 13.3, 0.016, 13.35], "texture": "#2"}
			}
		},
		{
			"from": [-0.69, 6.2, 6.9],
			"to": [2.11, 10.2, 9.1],
			"rotation": {"angle": 0, "axis": "y", "origin": [7.75, 6, 8]},
			"faces": {
				"north": {"uv": [2.88, 1.1, 3.328, 3.1], "texture": "#2"},
				"south": {"uv": [3.328, 1.1, 2.88, 3.1], "texture": "#2"},
				"up": {"uv": [3.328, 1.1, 2.88, 0], "texture": "#2"},
				"down": {"uv": [3.328, 4.2, 2.88, 3.1], "texture": "#2"}
			}
		},
		{
			"from": [-0.89, 8.8, 6.7],
			"to": [0.71, 9.2, 9.3],
			"rotation": {"angle": 0, "axis": "y", "origin": [7.75, 6, 8]},
			"faces": {
				"east": {"uv": [0, 13.3, 0.016, 13.35], "texture": "#2"},
				"up": {"uv": [0, 13.3, 0.016, 13.35], "texture": "#2"},
				"down": {"uv": [0, 13.3, 0.016, 13.35], "texture": "#2"}
			}
		},
		{
			"from": [-0.89, 6, 6.7],
			"to": [0.71, 7.6, 9.3],
			"rotation": {"angle": 0, "axis": "y", "origin": [7.75, 6, 8]},
			"faces": {
				"east": {"uv": [0, 13.3, 0.016, 13.35], "texture": "#2"},
				"up": {"uv": [0, 13.3, 0.016, 13.35], "texture": "#2"}
			}
		},
		{
			"from": [2.31, 10.4, 9.3],
			"to": [-0.89, 6, 6.7],
			"rotation": {"angle": 0, "axis": "y", "origin": [7.75, 6, 8]},
			"faces": {
				"north": {"uv": [0.096, 13.85, 0.064, 13.3], "texture": "#2"},
				"east": {"uv": [0.096, 13.85, 0.08, 13.3], "texture": "#2"},
				"south": {"uv": [0.064, 13.85, 0.096, 13.3], "texture": "#2"},
				"west": {"uv": [0, 13.3, 0.016, 13.35], "texture": "#2"},
				"up": {"uv": [0.016, 13.35, 0.048, 13.4], "texture": "#2"},
				"down": {"uv": [0, 13.3, 0.016, 13.35], "texture": "#2"}
			}
		},
		{
			"from": [-3.89, 6.2, 6.9],
			"to": [-1.09, 10.2, 9.1],
			"rotation": {"angle": 0, "axis": "y", "origin": [7.75, 6, 8]},
			"faces": {
				"north": {"uv": [0.48, 1.1, 0.928, 3.1], "texture": "#2"},
				"south": {"uv": [0.928, 1.1, 0.48, 3.1], "texture": "#2"},
				"up": {"uv": [0.928, 1.1, 0.48, 0], "texture": "#2"},
				"down": {"uv": [0.928, 4.2, 0.48, 3.1], "texture": "#2"}
			}
		},
		{
			"from": [-0.89, 10.4, 9.3],
			"to": [-4.09, 6, 6.7],
			"rotation": {"angle": 0, "axis": "y", "origin": [7.75, 6, 8]},
			"faces": {
				"north": {"uv": [0, 13.3, 0.016, 13.35], "texture": "#2"},
				"east": {"uv": [0, 13.3, 0.016, 13.35], "texture": "#2"},
				"south": {"uv": [0, 13.3, 0.016, 13.35], "texture": "#2"},
				"west": {"uv": [0, 13.3, 0.016, 13.35], "texture": "#2"},
				"up": {"uv": [0, 13.3, 0.016, 13.35], "texture": "#2"},
				"down": {"uv": [0, 13.3, 0.016, 13.35], "texture": "#2"}
			}
		}
	],
	"groups": [
		{
			"name": "team_ffa",
			"origin": [0, 0, 0],
			"color": 0,
			"children": [
				{
					"name": "team",
					"origin": [0, 0, 0],
					"color": 0,
					"children": [
						{
							"name": "t",
							"origin": [0, 0, 0],
							"color": 0,
							"children": [0, 1, 2, 3]
						},
						{
							"name": "e",
							"origin": [0, 0, 0],
							"color": 0,
							"children": [4, 5, 6, 7]
						},
						{
							"name": "a",
							"origin": [0, 0, 0],
							"color": 0,
							"children": [8, 9]
						},
						{
							"name": "m",
							"origin": [0, 0, 0],
							"color": 0,
							"children": [10, 11, 12, 13, 14, 15]
						}
					]
				},
				{
					"name": "ffa",
					"origin": [0, 0, 0],
					"color": 0,
					"children": [
						{
							"name": "f",
							"origin": [0, 0, 0],
							"color": 0,
							"children": [16, 17, 18, 19]
						},
						{
							"name": "f",
							"origin": [0, 0, 0],
							"color": 0,
							"children": [20, 21, 22, 23]
						},
						{
							"name": "a",
							"origin": [0, 0, 0],
							"color": 0,
							"children": [24, 25]
						}
					]
				}
			]
		}
	]
}