{
	"credit": "Made with Blockbench",
	"texture_size": [32, 32],
	"textures": {
		"2": "item/gamemodeffa",
		"particle": "item/gamemodeffa"
	},
	"elements": [
		{
			"from": [16.29, 6.2, 6.9],
			"to": [19.09, 10.2, 9.1],
			"rotation": {"angle": 0, "axis": "y", "origin": [8.25, 6, 8]},
			"faces": {
				"north": {"uv": [5.5, 0, 6.90625, 2], "texture": "#2"},
				"south": {"uv": [5.5, 2, 6.90625, 4], "texture": "#2"},
				"up": {"uv": [8.90625, 8.59375, 7.5, 7.5], "texture": "#2"},
				"down": {"uv": [7.40625, 8, 6, 9.09375], "texture": "#2"}
			}
		},
		{
			"from": [17.69, 7.2, 6.7],
			"to": [19.29, 7.6, 9.3],
			"rotation": {"angle": 0, "axis": "y", "origin": [8.25, 6, 8]},
			"faces": {
				"west": {"uv": [0, 9.5, 1.29688, 9.70313], "texture": "#2"},
				"up": {"uv": [1.29688, 9.70313, 0, 9.5], "texture": "#2"},
				"down": {"uv": [1.29688, 9.5, 0, 9.70313], "texture": "#2"}
			}
		},
		{
			"from": [16.09, 8.8, 6.7],
			"to": [17.69, 9.2, 9.3],
			"rotation": {"angle": 0, "axis": "y", "origin": [8.25, 6, 8]},
			"faces": {
				"east": {"uv": [0, 9.5, 1.29688, 9.70313], "texture": "#2"},
				"up": {"uv": [1.29688, 9.70313, 0, 9.5], "texture": "#2"},
				"down": {"uv": [1.29688, 9.5, 0, 9.70313], "texture": "#2"}
			}
		},
		{
			"from": [19.29, 10.4, 9.3],
			"to": [16.09, 6, 6.7],
			"rotation": {"angle": 0, "axis": "y", "origin": [8.25, 6, 8]},
			"faces": {
				"north": {"uv": [0, 0, 1.59375, 2.20313], "texture": "#2"},
				"east": {"uv": [0, 5, 1.29688, 7.20313], "texture": "#2"},
				"south": {"uv": [2, 0, 3.59375, 2.20313], "texture": "#2"},
				"west": {"uv": [1.5, 5, 2.79688, 7.20313], "texture": "#2"},
				"up": {"uv": [1.29688, 9.70313, 0, 9.5], "texture": "#2"},
				"down": {"uv": [1.29688, 9.5, 0, 9.70313], "texture": "#2"}
			}
		},
		{
			"from": [13.09, 6.2, 6.9],
			"to": [15.89, 10.2, 9.1],
			"rotation": {"angle": 0, "axis": "y", "origin": [8.25, 6, 8]},
			"faces": {
				"north": {"uv": [6, 4, 7.40625, 6], "texture": "#2"},
				"south": {"uv": [6, 6, 7.40625, 8], "texture": "#2"},
				"up": {"uv": [9.90625, 1.09375, 8.5, 0], "texture": "#2"},
				"down": {"uv": [9.90625, 1.5, 8.5, 2.59375], "texture": "#2"}
			}
		},
		{
			"from": [16.09, 10.4, 9.3],
			"to": [12.89, 6, 6.7],
			"rotation": {"angle": 0, "axis": "y", "origin": [8.25, 6, 8]},
			"faces": {
				"north": {"uv": [0, 9.5, 1.29688, 9.70313], "texture": "#2"},
				"east": {"uv": [0, 9.5, 1.29688, 9.70313], "texture": "#2"},
				"south": {"uv": [0, 9.5, 1.29688, 9.70313], "texture": "#2"},
				"west": {"uv": [0, 9.5, 1.29688, 9.70313], "texture": "#2"},
				"up": {"uv": [1.29688, 9.70313, 0, 9.5], "texture": "#2"},
				"down": {"uv": [1.29688, 9.5, 0, 9.70313], "texture": "#2"}
			}
		},
		{
			"from": [10.29, 6.2, 6.9],
			"to": [12.69, 10.2, 9.1],
			"rotation": {"angle": 0, "axis": "y", "origin": [8.25, 6, 8]},
			"faces": {
				"north": {"uv": [3, 7.5, 4.20313, 9.5], "texture": "#2"},
				"south": {"uv": [7.5, 4, 8.70313, 6], "texture": "#2"},
				"up": {"uv": [10.20313, 8.59375, 9, 7.5], "texture": "#2"},
				"down": {"uv": [10.20313, 9, 9, 10.09375], "texture": "#2"}
			}
		},
		{
			"from": [10.09, 7.2, 6.7],
			"to": [11.29, 10.4, 9.3],
			"rotation": {"angle": 0, "axis": "y", "origin": [8.25, 6, 8]},
			"faces": {
				"east": {"uv": [0, 9.5, 1.29688, 9.70313], "texture": "#2"},
				"down": {"uv": [1.29688, 9.5, 0, 9.70313], "texture": "#2"}
			}
		},
		{
			"from": [12.89, 10.4, 9.3],
			"to": [10.09, 6, 6.7],
			"rotation": {"angle": 0, "axis": "y", "origin": [8.25, 6, 8]},
			"faces": {
				"north": {"uv": [4, 0, 5.40625, 2.20313], "texture": "#2"},
				"east": {"uv": [3, 5, 4.29688, 7.20313], "texture": "#2"},
				"south": {"uv": [4, 2.5, 5.40625, 4.70313], "texture": "#2"},
				"west": {"uv": [0, 9.5, 1.29688, 9.70313], "texture": "#2"},
				"up": {"uv": [1.29688, 9.70313, 0, 9.5], "texture": "#2"},
				"down": {"uv": [5.90625, 7.5, 4.5, 8.79688], "texture": "#2"}
			}
		},
		{
			"from": [7.09, 6.2, 6.9],
			"to": [9.89, 10.2, 9.1],
			"rotation": {"angle": 0, "axis": "y", "origin": [8.25, 6, 8]},
			"faces": {
				"north": {"uv": [6, 4, 7.40625, 6], "texture": "#2"},
				"south": {"uv": [6, 6, 7.40625, 8], "texture": "#2"},
				"up": {"uv": [9.90625, 1.09375, 8.5, 0], "texture": "#2"},
				"down": {"uv": [9.90625, 1.5, 8.5, 2.59375], "texture": "#2"}
			}
		},
		{
			"from": [10.09, 10.4, 9.3],
			"to": [6.89, 6, 6.7],
			"rotation": {"angle": 0, "axis": "y", "origin": [8.25, 6, 8]},
			"faces": {
				"north": {"uv": [0, 9.5, 1.29688, 9.70313], "texture": "#2"},
				"east": {"uv": [0, 9.5, 1.29688, 9.70313], "texture": "#2"},
				"south": {"uv": [0, 9.5, 1.29688, 9.70313], "texture": "#2"},
				"west": {"uv": [0, 9.5, 1.29688, 9.70313], "texture": "#2"},
				"up": {"uv": [1.29688, 9.70313, 0, 9.5], "texture": "#2"},
				"down": {"uv": [1.29688, 9.5, 0, 9.70313], "texture": "#2"}
			}
		},
		{
			"from": [3.31, 6.2, 6.9],
			"to": [6.11, 10.2, 9.1],
			"rotation": {"angle": 0, "axis": "y", "origin": [7.75, 6, 8]},
			"faces": {
				"north": {"uv": [7, 0, 8.40625, 2], "texture": "#2"},
				"south": {"uv": [7, 2, 8.40625, 4], "texture": "#2"},
				"up": {"uv": [10.40625, 4.09375, 9, 3], "texture": "#2"},
				"down": {"uv": [5.90625, 9, 4.5, 10.09375], "texture": "#2"}
			}
		},
		{
			"from": [3.11, 8.8, 6.7],
			"to": [4.71, 9.2, 9.3],
			"rotation": {"angle": 0, "axis": "y", "origin": [7.75, 6, 8]},
			"faces": {
				"east": {"uv": [0, 9.5, 1.29688, 9.70313], "texture": "#2"},
				"up": {"uv": [1.29688, 9.70313, 0, 9.5], "texture": "#2"},
				"down": {"uv": [1.29688, 9.5, 0, 9.70313], "texture": "#2"}
			}
		},
		{
			"from": [3.11, 6, 6.7],
			"to": [4.71, 7.6, 9.3],
			"rotation": {"angle": 0, "axis": "y", "origin": [7.75, 6, 8]},
			"faces": {
				"east": {"uv": [0, 9.5, 1.29688, 9.70313], "texture": "#2"},
				"up": {"uv": [1.29688, 9.70313, 0, 9.5], "texture": "#2"}
			}
		},
		{
			"from": [6.31, 10.4, 9.3],
			"to": [3.11, 6, 6.7],
			"rotation": {"angle": 0, "axis": "y", "origin": [7.75, 6, 8]},
			"faces": {
				"north": {"uv": [0, 2.5, 1.59375, 4.70313], "texture": "#2"},
				"east": {"uv": [4.5, 5, 5.79688, 7.20313], "texture": "#2"},
				"south": {"uv": [2, 2.5, 3.59375, 4.70313], "texture": "#2"},
				"west": {"uv": [0, 9.5, 1.29688, 9.70313], "texture": "#2"},
				"up": {"uv": [9.09375, 7.29688, 7.5, 6], "texture": "#2"},
				"down": {"uv": [1.29688, 9.5, 0, 9.70313], "texture": "#2"}
			}
		},
		{
			"from": [0.11, 6.2, 6.9],
			"to": [2.91, 10.2, 9.1],
			"rotation": {"angle": 0, "axis": "y", "origin": [7.75, 6, 8]},
			"faces": {
				"north": {"uv": [7, 0, 8.40625, 2], "texture": "#2"},
				"south": {"uv": [7, 2, 8.40625, 4], "texture": "#2"},
				"up": {"uv": [10.40625, 4.09375, 9, 3], "texture": "#2"},
				"down": {"uv": [5.90625, 9, 4.5, 10.09375], "texture": "#2"}
			}
		},
		{
			"from": [-0.09, 8.8, 6.7],
			"to": [1.51, 9.2, 9.3],
			"rotation": {"angle": 0, "axis": "y", "origin": [7.75, 6, 8]},
			"faces": {
				"east": {"uv": [0, 9.5, 1.29688, 9.70313], "texture": "#2"},
				"up": {"uv": [1.29688, 9.70313, 0, 9.5], "texture": "#2"},
				"down": {"uv": [1.29688, 9.5, 0, 9.70313], "texture": "#2"}
			}
		},
		{
			"from": [-0.09, 6, 6.7],
			"to": [1.51, 7.6, 9.3],
			"rotation": {"angle": 0, "axis": "y", "origin": [7.75, 6, 8]},
			"faces": {
				"east": {"uv": [0, 9.5, 1.29688, 9.70313], "texture": "#2"},
				"up": {"uv": [1.29688, 9.70313, 0, 9.5], "texture": "#2"}
			}
		},
		{
			"from": [3.11, 10.4, 9.3],
			"to": [-0.09, 6, 6.7],
			"rotation": {"angle": 0, "axis": "y", "origin": [7.75, 6, 8]},
			"faces": {
				"north": {"uv": [0, 2.5, 1.59375, 4.70313], "texture": "#2"},
				"east": {"uv": [4.5, 5, 5.79688, 7.20313], "texture": "#2"},
				"south": {"uv": [2, 2.5, 3.59375, 4.70313], "texture": "#2"},
				"west": {"uv": [0, 9.5, 1.29688, 9.70313], "texture": "#2"},
				"up": {"uv": [9.09375, 7.29688, 7.5, 6], "texture": "#2"},
				"down": {"uv": [1.29688, 9.5, 0, 9.70313], "texture": "#2"}
			}
		},
		{
			"from": [-3.09, 6.2, 6.9],
			"to": [-0.29, 10.2, 9.1],
			"rotation": {"angle": 0, "axis": "y", "origin": [7.75, 6, 8]},
			"faces": {
				"north": {"uv": [0, 7.5, 1.40625, 9.5], "texture": "#2"},
				"south": {"uv": [1.5, 7.5, 2.90625, 9.5], "texture": "#2"},
				"up": {"uv": [10.40625, 5.59375, 9, 4.5], "texture": "#2"},
				"down": {"uv": [8.90625, 9, 7.5, 10.09375], "texture": "#2"}
			}
		},
		{
			"from": [-0.09, 10.4, 9.3],
			"to": [-3.29, 6, 6.7],
			"rotation": {"angle": 0, "axis": "y", "origin": [7.75, 6, 8]},
			"faces": {
				"north": {"uv": [0, 9.5, 1.29688, 9.70313], "texture": "#2"},
				"east": {"uv": [0, 9.5, 1.29688, 9.70313], "texture": "#2"},
				"south": {"uv": [0, 9.5, 1.29688, 9.70313], "texture": "#2"},
				"west": {"uv": [0, 9.5, 1.29688, 9.70313], "texture": "#2"},
				"up": {"uv": [1.29688, 9.70313, 0, 9.5], "texture": "#2"},
				"down": {"uv": [1.29688, 9.5, 0, 9.70313], "texture": "#2"}
			}
		}
	],
	"groups": [
		{
			"name": "solo_ffa",
			"origin": [0, 0, 0],
			"color": 0,
			"children": [
				{
					"name": "solo",
					"origin": [0, 0, 0],
					"color": 0,
					"children": [
						{
							"name": "s",
							"origin": [0, 0, 0],
							"color": 0,
							"children": [0, 1, 2, 3]
						},
						{
							"name": "o",
							"origin": [0, 0, 0],
							"color": 0,
							"children": [4, 5]
						},
						{
							"name": "l",
							"origin": [0, 0, 0],
							"color": 0,
							"children": [6, 7, 8]
						},
						{
							"name": "o",
							"origin": [0, 0, 0],
							"color": 0,
							"children": [9, 10]
						}
					]
				},
				{
					"name": "ffa",
					"origin": [0, 0, 0],
					"color": 0,
					"children": [
						{
							"name": "f",
							"origin": [0, 0, 0],
							"color": 0,
							"children": [11, 12, 13, 14]
						},
						{
							"name": "f",
							"origin": [0, 0, 0],
							"color": 0,
							"children": [15, 16, 17, 18]
						},
						{
							"name": "a",
							"origin": [0, 0, 0],
							"color": 0,
							"children": [19, 20]
						}
					]
				}
			]
		}
	]
}