{
	"credit": "Made with Blockbench",
	"texture_size": [32, 32],
	"textures": {
		"0": "item/tv/tv",
		"1": "item/tv/screen",
		"particle": "item/tv/tv"
	},
	"elements": [
		{
			"from": [1, 0, 1],
			"to": [15, 12, 4],
			"rotation": {"angle": 0, "axis": "y", "origin": [0, 0, 1]},
			"faces": {
				"north": {"uv": [3.75, 0, 7.25, 3], "texture": "#0"},
				"east": {"uv": [2, 9.25, 2.75, 12.25], "texture": "#0"},
				"south": {"uv": [3.75, 3, 7.25, 6], "texture": "#0"},
				"west": {"uv": [9.75, 8.75, 10.5, 11.75], "texture": "#0"},
				"up": {"uv": [13.25, 2.25, 9.75, 1.5], "texture": "#0"},
				"down": {"uv": [13.25, 8, 9.75, 8.75], "texture": "#0"}
			}
		},
		{
			"from": [1.25, 0.25, 1.25],
			"to": [14.75, 11.75, 3.75],
			"rotation": {"angle": 0, "axis": "y", "origin": [0, 0, 1]},
			"faces": {
				"north": {"uv": [3.75, 0, 4, 0.25], "texture": "#0"},
				"east": {"uv": [2, 9.25, 2.75, 12.25], "texture": "#0"},
				"south": {"uv": [3.75, 3, 7.25, 6], "texture": "#0"},
				"west": {"uv": [9.75, 8.75, 10.5, 11.75], "texture": "#0"},
				"up": {"uv": [13.25, 2.25, 9.75, 1.5], "texture": "#0"},
				"down": {"uv": [13.25, 8, 9.75, 8.75], "texture": "#0"}
			}
		},
		{
			"from": [0.75, -0.25, 0.75],
			"to": [15.25, 12.25, 4],
			"rotation": {"angle": 0, "axis": "y", "origin": [0, 0, 1]},
			"faces": {
				"north": {"uv": [0, 0, 3.75, 3.25], "texture": "#0"},
				"east": {"uv": [5, 8.75, 5.75, 12], "texture": "#0"},
				"south": {"uv": [0, 3.25, 3.75, 6.5], "texture": "#0"},
				"west": {"uv": [5.75, 8.75, 6.5, 12], "texture": "#0"},
				"up": {"uv": [13.5, 0.75, 9.75, 0], "texture": "#0"},
				"down": {"uv": [13.5, 0.75, 9.75, 1.5], "texture": "#0"}
			}
		},
		{
			"from": [2, 0, 4],
			"to": [14, 11, 12],
			"rotation": {"angle": 0, "axis": "y", "origin": [0, 0, 4]},
			"faces": {
				"north": {"uv": [3.75, 6, 6.75, 8.75], "texture": "#0"},
				"east": {"uv": [3, 8.75, 5, 11.5], "texture": "#0"},
				"south": {"uv": [0, 6.5, 3, 9.25], "texture": "#0"},
				"west": {"uv": [0, 9.25, 2, 12], "texture": "#0"},
				"up": {"uv": [10.25, 4.5, 7.25, 2.5], "texture": "#0"},
				"down": {"uv": [9.75, 8.5, 6.75, 10.5], "texture": "#0"}
			}
		},
		{
			"from": [6, 11, 4.5],
			"to": [10, 12, 6.5],
			"rotation": {"angle": 0, "axis": "y", "origin": [0, 11, 3.5]},
			"faces": {
				"north": {"uv": [8.25, 4.5, 9.25, 4.75], "texture": "#0"},
				"east": {"uv": [3, 8.25, 3.5, 8.5], "texture": "#0"},
				"south": {"uv": [8.25, 4.75, 9.25, 5], "texture": "#0"},
				"west": {"uv": [8.25, 5, 8.75, 5.25], "texture": "#0"},
				"up": {"uv": [8.25, 5, 7.25, 4.5], "texture": "#0"},
				"down": {"uv": [8.25, 5, 7.25, 5.5], "texture": "#0"}
			}
		},
		{
			"from": [8, 12, 5.5],
			"to": [9, 18, 5.5],
			"rotation": {"angle": -22.5, "axis": "z", "origin": [8, 12, 5.5]},
			"faces": {
				"north": {"uv": [3.5, 6.5, 3.75, 8], "texture": "#0"},
				"east": {"uv": [0, 0, 0, 1.5], "texture": "#0"},
				"south": {"uv": [6.5, 8.75, 6.75, 10.25], "texture": "#0"},
				"west": {"uv": [0, 0, 0, 1.5], "texture": "#0"},
				"up": {"uv": [0.25, 0, 0, 0], "texture": "#0"},
				"down": {"uv": [0.25, 0, 0, 0], "texture": "#0"}
			}
		},
		{
			"from": [7, 12, 5.5],
			"to": [8, 18, 5.5],
			"rotation": {"angle": 22.5, "axis": "z", "origin": [8, 12, 5.5]},
			"faces": {
				"north": {"uv": [2.75, 9.25, 3, 10.75], "texture": "#0"},
				"east": {"uv": [0, 0, 0, 1.5], "texture": "#0"},
				"south": {"uv": [10.25, 2.25, 10.5, 3.75], "texture": "#0"},
				"west": {"uv": [0, 0, 0, 1.5], "texture": "#0"},
				"up": {"uv": [0.25, 0, 0, 0], "texture": "#0"},
				"down": {"uv": [0.25, 0, 0, 0], "texture": "#0"}
			}
		},
		{
			"from": [4, 2, 12],
			"to": [12, 9, 13],
			"rotation": {"angle": 0, "axis": "y", "origin": [0, 0, 4]},
			"faces": {
				"north": {"uv": [9.25, 4.5, 11.25, 6.25], "texture": "#0"},
				"east": {"uv": [3, 6.5, 3.25, 8.25], "texture": "#0"},
				"south": {"uv": [9.25, 6.25, 11.25, 8], "texture": "#0"},
				"west": {"uv": [3.25, 6.5, 3.5, 8.25], "texture": "#0"},
				"up": {"uv": [9.25, 5.75, 7.25, 5.5], "texture": "#0"},
				"down": {"uv": [9.25, 5.75, 7.25, 6], "texture": "#0"}
			}
		},
		{
			"from": [4, 1, 1],
			"to": [14, 11, 1],
			"faces": {
				"north": {"uv": [0, 0, 16, 16], "texture": "#1"},
				"east": {"uv": [0, 0, 0, 5], "texture": "#1"},
				"south": {"uv": [0, 5, 5, 10], "texture": "#1"},
				"west": {"uv": [0, 0, 0, 5], "texture": "#1"},
				"up": {"uv": [5, 0, 0, 0], "texture": "#1"},
				"down": {"uv": [5, 0, 0, 0], "texture": "#1"}
			}
		}
	],
	"display": {
		"head": {
			"translation": [0, 4, 2],
			"scale": [1.5, 1.5, 1.5]
		}
	},
	"groups": [
		{
			"name": "group",
			"origin": [8, 8, 8],
			"color": 0,
			"children": [0, 1, 2, 3, 4, 5, 6, 7, 8]
		}
	]
}