{
	"parent": "item/generated",
	"textures": {
	"layer0": "item/paper"
	},
	
	"overrides": [
	{"predicate": {"custom_model_data":1}, "model": "custom/random"},
	{"predicate": {"custom_model_data":2}, "model": "custom/buttonpressed"},
	{"predicate": {"custom_model_data":3}, "model": "custom/buttonnotpressed"},
	{"predicate": {"custom_model_data":4}, "model": "custom/ghost"},
	{"predicate": {"custom_model_data":5}, "model": "custom/play"},
	{"predicate": {"custom_model_data":6}, "model": "custom/settings"},
	{"predicate": {"custom_model_data":7}, "model": "custom/teampressed"},
	{"predicate": {"custom_model_data":8}, "model": "custom/teamnotpressed"},
	{"predicate": {"custom_model_data":9}, "model": "custom/zonepressed"},
	{"predicate": {"custom_model_data":10}, "model": "custom/zonenotpressed"},
	{"predicate": {"custom_model_data":11}, "model": "custom/trophy"},
	{"predicate": {"custom_model_data":12}, "model": "custom/border"},
	{"predicate": {"custom_model_data":13}, "model": "custom/borderclosed"},
	{"predicate": {"custom_model_data":14}, "model": "custom/gamemode"},
	{"predicate": {"custom_model_data":15}, "model": "custom/cosmetics"},
	{"predicate": {"custom_model_data":16}, "model": "custom/gamemodeffa"},
	{"predicate": {"custom_model_data":17}, "model": "custom/arrowgold"},
	{"predicate": {"custom_model_data":18}, "model": "custom/arrowsilver"},
	{"predicate": {"custom_model_data":19}, "model": "custom/gamemodeffateam"},
	{"predicate": {"custom_model_data":20}, "model": "custom/gamemodecapture"},
	{"predicate": {"custom_model_data":21}, "model": "custom/purplething"},
	{"predicate": {"custom_model_data":22}, "model": "custom/limething"},
	{"predicate": {"custom_model_data":23}, "model": "custom/tv"}








	









	]
   }